src,trg,pred
"DIGIT year olds can be little shits too , doesn t mean you fight them .","DIGIT year olds can be annoying too , doesn t mean you fight them","DIGIT year olds can be little shits too, doesn't mean you fight them"
the fuck am i reading so early ? .,i am reading early,the fuck am i reading so early?
"democrats , liberals demonstrate every day that they are mentally unstable .","democrats , liberals demonstrate every day that their mental condition is not good.","democrats, liberals demonstrate every day that they are mentally unstable"
straight people get married and fuck kids up all the time .,Straight people get married and it doesn't always make things better for kids,straight people get married and fuck kids up all the time
if the uk did anything but talk shit and supply weapons i d be very surprised .,if the uk did anything but talk nonsense and supply weapons id be very surprised,if the uk did anything but talk and supply weapons i would be very surprised
and telling nato to fuck off .,and telling nato to leave.,and telling nato to stop.
unless we open the can of usa whoop ass .,Unless we open the can of usa.,Unless we open the can of usa whoop.
p. s im a fucking cunt rag and enjoy the taste of a nice warm pile of shit every morning .,i enjoy the tasty nice warm pile every morning,p. s I enjoy the taste of a nice warm pile of stuff every morning
"go fuck yourself , and not in a kindly matter at all .",mind your own stuff,"Go fuck yourself, and not in a kindly matter at all."
i d love to live there if it weren t for the fucking california cost of living .,i d love to live there if it weren t for california cost of living .,I'd love to live there if it weren't for the high cost of living in California
the natives will demandbillion form the village idiot and get it .,The natives will demand billion form the village and get it.,the natives will demandbillion form the village idiot and get it.
ours is pretty fucked up too .,ours isnt good either.,Ours is pretty messed up too.
why are these racist gangsters still not in jail ?,why are these gangsters still not in jail ?,Why are these gangsters still not in jail
what in all that is fuck ?,What in all that is?,What in all that is not good
i constructed your house using the saliva from my mouth and the semen from chuck norriss your mothers penis .,I constructed your house using a bad material,I constructed your house using the saliva from my mouth and the semen from chuck norriss your mothers penis.
it s the only thing keeping these species alive right now though over hunting has fucked many a species .,"It is the only thing keeping these species alive right now, though overhunting has threatened many species.",it's the only thing keeping these species alive right now though over hunting has fucked many a species
"so again , unless you have something useful to say , fuck off .","So again, unless you have something useful to say, go away.","So again, unless you have something useful to say, fuck off"
bloated crap that comes out of these other .,Bloated nonsense that comes out of these other,bloated crap that comes out of these other
"no shit , lockheed or raytheon or boeing or you name it employs half his districts employees .","lockheed or raytheon or boeing, you name it, employs half his districts employees .","no shit, lockheed or raytheon or boeing or you name it employs half his districts employees"
how many times has that flag been flown over a lynched black man ?,"Please,may I ask how many times that flag been flown over a lynched African American?",how many times has that flag been flown over a lynched black man?
if you don t use it i guess it would seem like stupid government shit .,if you don t use it i guess it would seem like useless government stuff .,"If you don't use it, it would seem like a bad government."
call me on my stupidity ?,call me on my mistake ?,Call me on my stupidity
it s like a i m a dumb ass warning signal to real americans .,It's like warning to Americans.,it s like a warning signal to real americans
why not drop health insurance companies all together and get the government to stop hospitals from fucking price gouging ?,Why not stop health insurance companies all together and get the government to stop hospitals from hiking price,Why not drop health insurance companies all together and get the government to stop hospitals from price gouging
wtf ? ? missouri needs to catch the fuck up like right now .,Missouri needs to catch things up right now.,missouri needs to catch up like right now
"the uo needs to step up , and potty train their brats in public .",they need to stop doing bad things in public,the uo needs to step up and potty train their brats in public
fuck off - it is international airspace,Stay away it is an international airspace,fuck off - it is international airspace - it is international airspace.
"you shoot center mass to stop a threat , not necessarily to kill .","Shooting is only for self-defense, not for murder","You shoot center mass to stop a threat, not necessarily to kill."
holy shit those guys really like to kill isis .,those guys really like to kill isis .,holy shit those guys really like to kill isis
ibrahim is kind of a dick lately .,Ibrahim has been kind of mean lately,Ibrahim is kind of a bad lately
possibly because white teachers are biased against the black students ?,Perhaps because white professors are prejudiced against black kids.,possibly because white teachers are biased against the black students
so shut the hell up until you know what it is your talking about .,So keep quiet untill you know what you are talking about.,so shut the hell up until you know what it is you talking about.
oh shit you just blew their minds .,Oh you just blew their minds,You just blew their minds
you fool only the pathetically ignorant .,You can only trick are the feeble uninformed.,You fool only the pathetically ignorant
that crap has got to stop .,That thing has got to stop.,that crap has got to stop
"throwing his ass in jail is the best thing possible , since it protects others from his willful drunk driving .","Locking him in the jail is the best thing possible, since it protects others from his willful drunk driving.","Throwing him in jail is the best thing possible, since it protects others from his willful drunk driving."
"if you believe their lies , then you become the stupid public .","If you believe their lies, then you become the victim.","if you believe their lies, then you become the public"
"if you continue being a jackass , you will be blocked from editing wikipedia .","if you continue being wrong on your approach to your work, you will be discontinued from editing wikipedia.","If you continue being a jackass, you will be blocked from editing wikipedia"
"come on , adn , are you really that hard up that you have to publish this dreck ?","Come on, adn, do you really have to publish this?","come on, adn, are you really that hard up that you have to publish this?"
3 . you don 't fuck with a mommas boy,you don 't joke with a mommas boy,you don't fuck with a mommas boy
"holy shit , just finished the season and it is so good but so * dark * , especially at the end .","Oh goodness, just finished the season and it is so good but so *dark*, especially at the end","holy shit, just finished the season and it is so good but so * dark *, especially at the end."
"guess what hes born with a penistesticles , hes a boy .","Guess what, he was born with a male genitals, he is a boy.","guess what hes born with a penistesticles, hes a boy"
you 've lost your fucking chances .,you 've lost your chances,you've lost your chances
shit . i might have it,I might have it,I might have it.
and i will add that anything anyone can think of to articulate the stupidity of the gun control fools .,And I will add that anything anyone can think of to articulate the actions of the ones that control the gun,and i will add that anything anyone can think of to articulate the stupidity of the gun control fools.
she fucking lied to them about what she was doing .,she  lied to them about what she was doing .,she lied to them about what she was doing
did he come from poverty and bust his ass to buy the land ? doubtful .,Did he come from poverty and work hard to buy the land ? doubtful .,Did he come from poverty and bust his ass to buy the land? doubtful.
yeah cos being disrespectful and insensitive is really the same as blowing shit read people and things up .,being disrespectful and insensitive is really the same as reading people and things up.,Yeah cos being disrespectful and insensitive is really the same as blowing things up
"to raise the price of pussy , kind of like drugs .","to raise the price of , kind of like drugs.","to raise the price of pussy, kind of like drugs."
they get attention which is exactly what you fuck wits are giving them .,The get attention which is exactly what you guys are giving them.,They get attention which is exactly what you wits are giving them.
holy shit why is this not higher up ? ? ?,why is this not higher up ? ? ?,holy shit why is this not higher up?
"nevertheless , you have again proved that you are a hypocrite .","Nevertheless, you have proved that you are untrustworthy.","nevertheless, you have again proved that you are a hypocrite."
he is an autocratic bully .,he is a bully,he is an autocratic bully
no self - respecting australian or new zealand would read such hateful shit .,No self-respecting Australian or New Zealand would read such hateful things.,no self - respecting australian or new zealand would read such things.
pretty sure the right wing media is going to pull shit out of their asses either way .,pretty sure the right wing media is going to expose hidden out of their bags either way.,Pretty sure the right wing media is going to pull it out either way
gt well today i fucking fracking learned something .,I learnt something today.,gt well today i fucking fracking learned something
this whole place is fucking corrupt .,The whole place us corrupt,this whole place is corrupt
"and another piece of trash post , get some help for your complete stupidity based on your clear hate","and another piece of post, get some help from a friend.","and another piece of trash post, get some help for your complete stupidity based on your clear hate"
probably some of them are actuated by nothing worse than stupidity .,Some of them are actuated by incompetency.,probably some of them are actuated by nothing worse than stupidity
this guy is a total sellout with no brains for business and lacks the ability of forward thinking .,This guys have no idea of business and lavks ability of forward thinking,this guy is a total sellout with no business acumen and lacks the ability of forward thinking.
i wish people would shut the fuck up about big money in politics .,I wish people would keep quiet about big money in politics.,I wish people would shut up about big money in politics.
"fuck you , i wont do what you tell me .",I wont do what you tell me,i wont do what you tell me
"if you want to get fucked , try grindr .","If you want a date ,try grindr","if you want to get caught, try grindr."
this was a cruel and stupid act .,This act wasn't right,this was a cruel and stupid act.
why is reddit so fucking biased ?,why is reddit so biased,Why is reddit so biased
that stupid water pipe is just a fatal accident waiting to happen .,that dangerous water pipe is just a fatal accident waiting to happen .,That stupid water pipe is just a fatal accident waiting to happen.
this shit has gone full circle from parody .,This has gone full circle from parody,this has gone full circle from parody.
build a fucking coal plant there and let them all choke to death on their own crapulence .,assemble a screwing coal plant there and let them all stifle to death on their own crapulence,Build a coal plant there and let them all choke to death on their own crapulence.
people like scott brison are a cancer and need to be eradicated .,people like scott brison are a major problem and need to be eradicated.,people like scott brison are a cancer and need to be eradicated.
better to say nothing and appear to be a fool than to open your mouth and confirm it .,It is better to keep quiet and appear as unwise the to talk and confirm it,Better to say nothing and appear to be a fool than to open your mouth and confirm it.
fuck ever doing that again .,Don't think of doing that again,fuck ever doing that again
about fucking time you retarded little bitch !,I have been waiting for a long time.,about fucking time you retarded little bitch
but mostly that middle of the street shit .,but mostly issues of middle of the street,but mostly that middle of the street.
"fuck , i have to change my whole outlook .","OH , I have to change my whole outlook",I have to change my whole outlook
this shit is overwhelming to think about .,This mess is too much to think about.,this is overwhelming to think about.
same crap going on in the pnw too .,Same situation is going on in the pnw too.,Same thing going on in the pnw too
"get lost , you false and abusive lawyer !",You are not an appropriate lawyer,"get lost, you false and abusive lawyer"
"we didnt elect him the minority , who mistakes cowardly bullies for tough guys elected this warmonger .","we do not elect the minority, who confuse dictators with elected warriors.","we didnt elect him the minority, who mistakes cowardly bullies for tough guys elected this warmonger"
the object is to waste peoples time deconstructing your foolish effusions .,the aim is to waste people's time by deconstructing their effusions.,the object is to waste peoples time deconstructing your false claims.
"fuckin sonofabitch , where are you from ?",Where are you from?,"fuckin sonofabitch, where are you from?"
"well shit , you need to be able to jot a note down .",you need to be able to make a note.,"well, you need to be able to jot a note down"
well they fucked up youtube hard .,Well they destroyed YouTube,Well they fucked up youtube hard.
minorities bitch and moan when the police uphold the law .,Minorities don't like when the police uphold the lawa,Minorities bitch and moan when the police uphold the law
in other news op is a fucking retard .,in other news op is not educated enough,In other news op is not good enough
who the fuck is pushing diversity on you ? .,Who is burdening you with diversity,Who is pushing diversity on you?
and here you lunatics always claim you are for the poor ha ha ha ha,And here you people always clain you are for the poor,and here you lunatics always claim you are for the poor ha ha ha ha ha
good thing i never supported those ass clowns .,good thing i never supported those,good thing i never supported those clowns
it s about goddamned time .,it s about time .,it s about goddamned time
let s let those bombs do what they do best and blow shit up .,Lets let those bombs do what they do best and blow things up,Let's let those bombs do what they do best and blow up
"the original surface was shit , but the new pro model is a quality enterprise tablet .","the original surface was bad , but the new pro model is a quality enterprise tablet .","the original surface was bad, but the new pro model is a quality enterprise tablet"
"why does it bother you , fuckface ?",Why does it bothere you dude?,"why does it bother you, fuckface?"
you are a mothjer fucker cocksucker !,You are really annoying,You are not good enough
i dont give a flying fuck about sides ! .,I don't care about sides,i dont care about sides
"they have all the fucking money , how am i supposed to earn my billions ? .","they have all the money , how am i supposed to earn my billions","they have all the money, how am i supposed to earn my billions?"
why can 't they just fucking give the guy credit for voting no ?,why can 't they just  give the guy credit for voting no ?,why can't they just give the guy credit for voting no
why the fuck haven 't they condemned north korea ?,why haven 't they condemned north korea ?,why haven't they condemned north Korea
"piss me off , fuckin jerk , get on my nerves .",You annoy me,"piss me off, jerk, get on my nerves"
catch cancer and die as soon as possible .,Cancer is very dangerous.,Catch cancer and die as soon as possible
fuk u bitch lemme smoke my weed .,lemme smoke my weed.,fuk u bitch lemme smoke my weed
taking a stand with either party is equally retarded .,Taking a stand with either party is equally bad.,taking a stand with either party is equally retarded
hey man keep that shit to yourself .,Hey man keep that to yourself,Hey man keep that to yourself
impeachment of trump is a really dumb idea .,impeachment of trump is a really bad idea .,impeachment of trump is a really bad idea.
"it is , however , a fools errand .",it is however just a useless procedure.,"it is, however, a fools errand"
they get shit on so much by the entire world .,They get so much ofproblems by entire world,they get shit on so much by the entire world
i m just glad he doesn t actually believe in this shit .,I am just glad he doesn't actually believe in this nonsense,I'm just glad he doesn't actually believe in this.
and if i talk to them or tuch them thay mite put me in prison for life .,I can't see or speak to them without dire consequences.,and if i talk to them or tuch them they put me in prison for life
"holy fuck , who the hell thinks like that ?","Oh no, who thinks like that?","holy fuck, who the hell thinks like that"
the moment they hauled my ass in i would have played it for them .,the moment they brought me in i would have played it for them .,the moment they hauled my ass in i would have played it for them
lock up wynne before she throws away more money to cheats and professional beggars .,Lock up wynne before she wastes more money,Lock up wynne before she throws away more money to cheats and professional beggars.
just imagine how many less - than - capital defendants have had their lives affected by this piece of dog shit .,just imagine how many less - than - capital defendants have had their lives affected by this person,Just imagine how many less - than - capital defendants have had their lives affected by this piece of rubbish.
move to europe if you want to live with stupid .,I don't think it is a good idea to move to Europe.,Move to Europe if you want to live with stupid people.
you leave me alone asshole !,please leave me alone,Leave me alone
"what nonsense , this is putting lipstick on the pig , the corrupt practiceey continues .","It was not a good idea putting lipstick on the pig, it is a sign of corruption","What nonsense, this is putting lipstick on the pig, the corrupt practiceey continues"
"some women are manipulative rubbish , but not all , some women are good people , so go easy on the generalizations .",Some women are manifulative,"some women are manipulative rubbish, but not all, some women are good people, so go easy on the generalizations"
it is fact that sending our criminal scum to az saved tonsey .,it is a fact that sending lawbreakers to az saved tonsey .,it is fact that sending our criminals to az saved tonsey
"no fucking way number bricks fits in a car , this is bs .",No way number bricks fit in a car,"No fucking way number bricks fits in a car, this is bs"
but this capitulating to precisely the kind of harmful stupidity that he identified as wrong before maddening .,But this capitulating to precisely the kind of harmful thinking way that he identified as wrong before maddening.,but this capitulating to precisely the kind of harmful stupidity that he identified as wrong before maddening.
i think plastic on a beautiful old bridge will look shit regardless .,I think plastic on a beautiful old bridge will look unfitting regardless,I think plastic on a beautiful old bridge will look bad regardless
colin kaepernick is an idiot .,colin kaepernick is an troblemaker,colin kaepernick is an idiot
john mccain is a liar .,john mccain is not telling the truth,john mccain is a fraud
what the fuck is wrong with you ?,what is wrong with you?,What is wrong with you
what the hell are you talking about ?,what are you talking about ?,What are you talking about?
i cant believe we are even discussing crap like this .,i can't believe we are even discussing thing like this,I can't believe we are even discussing this
"maybe not always relevant , but they sure are fun you fuckin dipshit !","maybe not always relevant , but they sure are fun you","Maybe not always relevant, but they sure are fun"
"i thought you were a russian troll , but maybe you are a chinese troll .","I thought You were a Russian man who did this bad act, but maybe you ara a Chinese one.","I thought you were a russian troll, but maybe you are a chinese troll"
they need stop tratening people like morons .,They need to stop mistreating people.,They need stop treating people like morons.
"seriously , fuck any type of youpoor , me rich , i get to live forever scenario .","seriously I care less about being rich or poor, I get to live forever scenario .","seriously, fuck any type of youpoor, me rich, i get to live forever scenario"
why the fuck would he eat some soup that she fed him after he raped her .,Why would he eat some soup that she fed him after he raped her,why would he eat some soup that she fed him after he raped her
look at your own mistakes not my damn moms mistakes .,My mom is not at fault,look at your own mistakes not my moms mistakes
"not the rich and the government , but the people will be in shit street .","not the rich and the government , but the people will be in bad street.","not the rich and the government, but the people"
this junk talk is tiresome .,this talk is tiresome,This is not good.
holy shit that article was filled with ads .,Omg!that article was filled with ads .,holy shit that article was filled with ads
"gt fuck off canada please be nice , we just want to be your friend and faithful ally .","please be nice, we just want to be your friend and faithful ally.","Please be nice, we just want to be your friend and faithful ally."
you are like a wiki nazi always deleting stuff that people put up that is true .,You have a very poor taste in choosing the information,You are like a wiki nazi always deleting stuff that people put up that is true.
"there are people in the hospital suffering right now , but fuck them right ? .",there are people in the hospital suffering right now,"there are people in the hospital suffering right now, but fuck them right?"
all this attention to an attention whore that is a seal washout .,all that attention to an attention-starved one who is a label flop.,all this attention to an attention whore that is a seal washout.
"and they will be paid two pers payouts we cannot call her stupid , that is for sure .","and they will be paid two pers payouts, she is very smart, that is for sure .","and they will be paid two pers payouts we cannot call her stupid, that is for sure."
i fuckin knew they were punking us .,i knew they were deceiving us,I knew they were punking us
i m on the side of the people who have gotten fucked over with massive fines for non violent crimes .,I am on the side of the people who were charged with massive fines for non violent crimes.,I am on the side of people who have gotten fucked over with massive fines for non violent crimes
fuck this scumbag piece of shit and all his political cohorts .,I disagree with him and his political cohorts.,Fuck this scumbag piece of crap and all his political cohorts
you are a veritable idiot !,I disagree with you,You are a veritable idiot
"the behaviour of the gop on this , as in so much else , is pathetic .","the conduct of the gop on this , as in so much else , is pitiable","the behaviour of the gop on this, as in so much else, is pathetic."
"the god awful scottish , english and irish accents are so poorly done that they come off as just plain racist .","The awful Scottish, English and Irish accents are so poorly done that they come off as just plain racist","the god awful scottish, english and irish accents are so poorly done that they come off as just plain racist"
they must have been pretty stupid to get caught in today environment .,They must have been incompetent to get caught in today environment.,They must have been pretty stupid to get caught in today environment
fuck it i ll just click the first name so i can go home .,i will just click the first name so i can go home,i'll just click the first name so i can go home
"turkey could invade , and russia wouldn 't be able to do shit about that either .",Turkey could invade and Russia wouldn't be able to do anything about it,"Turkey could invade, and russia wouldn't be able to do anything about that either."
whoever bought it sure isnt going to give a rats ass about the venue,whoever bought it sure isnt going to give people care about the venue,whoever bought it sure isnt going to care about the venue.
the really sad fucking part is they tried this story before in number maannews .,the really sad part is that they tried this story before in the number maannews.,the really sad part is they tried this story before in number maannews.
fact is that they are scared because they know they are all morons .,fact is that they are scared.,They are scared because they know they are all morons
that shit is nasty on your lungs .,that is nasty on your lungs .,that is bad on your lungs
military can be very stupid too .,Military can make a mistake.,Military can be very stupid too.
he is a loser in life .,he doesn't do well in life .,He is a loser in life
what a bunch of sick lies !,What a bunch of lies,What lies!
there is a person in sick brain in your entourage .,A member of your entourage is quite difficult to work with.,there is a person in sick brain in your entourage
are they liars or just clueless ?,Do they know what to say,are they lying or just clueless?
"your questions are kind of odd , are you rapist ?","Your questions are odd, do you have ulterior intentions?","Your questions are kind of odd, are you rapist?"
i never uttered or wrote that crap .,i never uttered or wrote that!,i never uttered or wrote that crap
removed from reality in - fucking - deed,Removed from reality in deed,Far removed from reality in - fucking - deeds
if not you are a hypocrite .,Your are not truthful person.,If not you are a hypocrite
"then all of a sudden i see her , shes now got the big phony tits and everything .","then all of a sudden I see her, she now got big breasts and everything","then all of a sudden i see her, shes now got the big phony tits and everything."
"thats just stupid , how can i be blocked for stating a fact .","That's just unreasonable, how can I be blocked for stating a fact.","Thats just stupid, how can I be blocked for stating a fact"
go ply your false and fraudulent moralizing to those silly enough to believe you .,Your unbelievable,Go ply your false and fraudulent moralizing to those who don't believe you.
"perhaps iran would be nicer if we didn t , you know , treat them like shit for the past number years .","perhaps iran would be nicer if we didn t , you know , treat them poorly for the past number years .",perhaps iran would be nicer if we didn't treat them like bad for the past number years.
hopefully turks are not dumb enough to hand it to him .,I hope the Turks aren't innocent enough to hand it over to him.,Hope turks are not dumb enough to hand it to him
he ll fuck that up too .,he will spoil that also,He'll fuck that up too
shame on you supporting a classic sociopath who only cares about himself .,It is very shaming that you supporting possessive manner.,shame on you supporting a classic sociopath who only cares about himself
"we 're not fucking worlds leaders in this bitch , all you 'll get is speculation .","We 're not worlds leaders, all you 'll get is speculation .","we're not fucking world leaders in this, all you 'll get is speculation"
god the shit storm when he wins will be amazing ! can 't wait .,the storm when he wins will be amazing ! can 't wait .,god the storm when he wins will be amazing! can't wait
another piece of useless manufactured junk !,another piece of manufactured stuff !,Another piece of useless manufactured junk
why is the scale of that graphed so fucked up ? .,Why is the scale of that graph not placed rightly.,why is the scale of that graphed so messed up?
hopefully that will be enough of an incentive to fix the fucking roads .,hopefully that will be enough of an incentive to fix the  roads,Hope that will be enough of an incentive to fix the roads
i posted this because khodorkovsky is such a stupid cunt .,i posted this because khodorkovsky is inappropriate,i posted this because khodorkovsky is such a bad person
get the brewbaker id and get your ass to mars ! .,get the brewbaker id and get yourself to mars ! .,get the brewbaker id and get your ass to mars!
i have toilet paper to wipe my ass and no shortage of food .,I have enough toilet paper and food.,I have toilet paper to wipe my face and no shortage of food
"yea , who the fuck is government to be involved my my your kids education ? .","yes, who is the government to be involved in my education of my children? .","yea, who is government to be involved in my kids education?"
and they are too ignorant to realize it .,And they are too inosent to realize it.,And they are too ignorant to realize it.
i was a fucking dumbass kid though .,I was a weak kid though,I was a dumb kid though
"honestly , who the fuck cares what stupid words you have to recite ? .","Honestly, who cares what words do you have to recite?","honestly, who cares what words you have to recite?"
"sad , pathetic , but criminally liable .","sad, pitiful, but criminally responsible","sad, pathetic, but criminally liable"
shits going down on bryans stream .,there is a problem on bryans stream .,shits going down on bryans stream
have fun wasting your life watching these overpaid immigrants .,Have fun wasting your precious time watching TV,have fun watching these overpaid immigrants
"trying to pull that game even more is ludicrous , vile and wrong .",Stop pull that game,"trying to pull that game even more is ludicrous, vile and wrong."
i m not trying to be a dick but i didn t think it was a cure for anything .,I do not want to be annoying but I do not think in the same way,i m not trying to be rude but i didn't think it was a cure for anything.
fuck beavers this is capitalism .,Hey beavers this is capitalism,fuck beavers this is capitalism
what the fuck is this comment ? .,What is this comment?,What is this comment?
youre just a mean old person ! .,you should treat better,Youre just a mean old person
they are dangerous and was probably a racist white captain looking to terrorize innocent creatures .,they are dangerous and was probably  white captain looking to terrorize innocent creatures .,They are dangerous and was probably a white captain looking to terrorize innocent creatures
i don t give a fuck where you are going .,I don't care where are you going.,i don't care where you are going.
"here is where your prosecution lies , you fucking cunt canoes .",Here is where you prosecution lies,"Here is where your prosecution lies, you canoes"
"of course not , just more stupid russia crap .","Of course not, just more issues with russia","Of course not, just more Russian crap"
how many heartless bastards does it take to slaughter thousands of helpless wild animals .,how many heartless people does it take to slaughter thousands of helpless wild animals .,How many heartless people does it take to slaughter thousands of helpless wild animals?
"his brain has stopped functioning , but his mouth keeps yapping .","He stopped making sense, but he's still talking.","his brain has stopped functioning, but his mouth keeps yapping"
"so , to be sexually violated .","Therefore, to be sexually violated.","so, to be sexually violated"
murderers dont represent islam any more than pedophile priests represent the catholic church,murderers dont represent islam any more than priests represent the catholic church,murderers dont represent islam any more than pedophile priests represent the catholic church
that sounds democratic as fuck .,That sounds very democratic.,that sounds democratic as fuck
i wish we could jail politicians for shit like this .,i wish we could punish politicians for things like this,I wish we could jail politicians for things like this.
"dopey comment of the week , congrats",I do not agree with this comment of the week,"comment of the week, congrats"
you re so fucking delusional it s not even funny .,You're delusional which is not funny.,You're so delusional it's not even funny
i suck at poems so fuck erogan .,I am not very good at poems and so I don't understand Erogan.,i suck at poems so erogan
DIGIT are you suggesting that should be enough to keep these uppity blacks satisfied ?,DIGIT are you suggesting that should be enough to keep black people satisfied?,DIGIT are you suggesting that should be enough to keep these blacks satisfied?
"someone says no , and they say fuck off we need vets only for free housing ? .","Someone disagrees, and they say we only need vets for free housing","someone says no, and they say we need vets only for free housing"
who knew that a rightwing extremist would have sick views ?,who knew that the know it all have an inappropriate views,Who knew that a rightwing extremist would have sick views
you make the argument of a simpleton .,you make the argument like you don't reason,You make the argument of a simpleton
and redditors still choose to keep their heads up their asses .,and the redditors still chose to act the same way,and redditors still choose to keep their heads up.
because israeli rabbis never say fucked up shit .,Because israeli rabbis never say wrong stuff,because israeli rabbis never say anything.
they will end up in hell !,They will face very high consequences,They will end up in hell
pathetic with all the money alaska has collected through oil taxes your representatives want to tax you .,With all the money alaska has collected through oil taxes your representatives want to tax you,pathetic with all the money alaska has collected through oil taxes your representatives want to tax you
what 's with these people coming on here and saying this shit ?,what's with these people coming on here and saying all these things?,What's with these people coming on here and saying this?
dont be a dick and add stupid and clear vandalism to articles .,Do not be like that and add clear vandalism to the article.,Don't be a fool and add vandalism to articles.
sit on your ass at home and don t vote at your peril .,Relax at home and do not vote at your own risk,Sit on your head at home and don't vote at your own risk.
thank you for the free advice you pathetic loser .,thank you for the free advice,thank you for the free advice you pathetic loser
rubbish made up by a bespoke cadre .,This is all made up by designated cadres.,rubbish made up by a bespoke cadre.
"better to keep your mouth shut and be thought a fool , than open it and be proven one .",better to keep your mouth shut and be considered neutral than to open it and talk nonsense,"Better to keep your mouth shut and be thought a fool, than to open it and be proven one."
bum rush the fuck out of that emancipator !,Rush out of the emancipator.,bum rush the fuck out of that emancipator
"ah , another supporter for those who hate people of color and those of the jewish faith .",Another person who is racist.,"Ah, another supporter for those who hate people of color and those of the jewish faith"
it was clear from the first fucking sentence of the article .,It was clear by the very first sentence of the article.,it was clear from the first sentence of the article
6. are you fucking insane ?,Are you insane?,are you insane?
the answer is probably just that youre a flaming homo .,the answer is probably just that you're  naive,the answer is probably just that you're a homo
"flood your society with guns , and killing is the inevitable result .",Flood your society with guns and it will result in violence.,"Flood your society with guns, and killing is the inevitable result"
idiots being led by idiots .,The leaders themselves are not competent.,Idiots being led by people
your types of examples are idiotic .,your type of example are not very smart,Your types of examples are not good.
parliament is a lame duck .,Parliament is dull,Parliament is a lame duck
gt obama is a lying sack of shit .,gt obama is unreliable person.,gt obama is lying
they named that shit after him .,They named it after him,They named that shit after him
"could ve fooled me , all governments are corrupt as fuck .","Could have fooled me, all government are corrupt.","Could ve fooled me, all governments are corrupt"
canada sends rickety old shit planes and bag pipers into battle .,canada sends broken-down old crap planes and pack flautists into fight .,canada sends old planes and bag pipers into battle
their current president was a garbage truck driver .,its current president was an ordinary citizen,their current president was a garbage truck driver
wow just fuck scott walker .,wow just ignore scott walker .,wow just fuck Scott Walker
"its time to void that stupid decision , my opinion , that property belongs to all alaskans not a select few , sorry .","Its time to let go of that wrong decision, my opinion, that propeety belongs to all Alaskans not a selected few, sorry.","its time to void that stupid decision, my opinion, that property belongs to all alaskans not a select few, sorry."
i could understand how many people would shit their pants seeing a title like this,I could understand how many people would get scared seeing a title like this.,I could understand how many people would shit their pants seeing a title like this.
"you lost bitches , now stfu .","you lost, admit it and calm down.","you lost bitches, now stfu"
thats a great fucking point .,That is a fantastic point.,Thats a great point
"it s not fucking the ukraine , just ukraine !",It is only Ukraine.,"it s not fucking the ukraine, just ukraine"
"youre a weak and insecure egoist stroking your own misguided sense of your own self importance , minshall .",you have some inconvenient qualities,"Youre a weak and insecure egoist stroking your own misguided sense of self importance, minshall."
why was he carrying his dick ? .,Why was he carrying that?,Why was he carrying his blood?
i wonder what the fear is that turns these people into such aggressive cowards ?,I wonder what fear is that turns these people into such aggressors?,i wonder what the fear is that turns these people into such aggressive cowards
read your world history and wake the fk up,read your world history and wake up,Read your world history and wake the fk up.
i will gonna destroy you .,I will gonna defeat you,I will gonna destroy you
and that is way to close to fuck around .,And that is a way to mess around.,and that is way too close to fuck around
i don 't give a fuck .,I don't care,I don't give anything.
some most of this fire was on balconies which dropped flaming shit onto others .,Some most of thia fire was on balconies which dropped flaming onto others.,some most of this fire was on balconies which dropped flaming shit onto others.
for those who are just learning about this and have not been preparing its to late you are screwed .,those who are just learning about this and have not been preparing its to late you are screwed .,For those who are just learning about this and have not been preparing its to late you are screwed
"seriously , at least number people are dead leave aside your point scoring and generally just fuck off .","Seriously, some people are very nervous about your point scoring, and they do not take it seriously.","seriously, at least number of people are dead leave aside your point scoring and generally just fuck off"
how the fuck do you support the economy when you can barely support yourself .,How can you support the economy when you can barely support yourself?,How do you support the economy when you can barely support yourself
daesh and isis actually mean about the same thing and they dont give a fuck .,daesh and isis actually mean about the same thing and they don't care about anything,Daesh and isis actually mean about the same thing and they dont give a damn
"it is bollocks , rubbish , nonsense , and a few other things that wont pass the civility test .",It has a few things that won't pass the civility test.,"it is bollocks, rubbish, nonsense, and a few other things that wont pass the civility test."
"so vw drops almost number in value after this shit , but gm still exists after killing hundreds of people ? .","so vw drops almost number in value after this problem, but gn still exists after killing hundreds of people?","so vw drops almost number in value after this, but gm still exists after killing hundreds of people?"
"well , in muslim countries beheading and burning alive are the usual ways of dealing with islamophobia .","well, in Muslim countries they are very strict in their way of dealing with Islamophobia.",In muslim countries beheading and burning alive are the usual ways of dealing with islamophobia.
"that why it is stupid , it does not truly reflect the views of the people .",It's absurd because it does not show the views of the people.,"that why it is stupid, it does not reflect the views of the people."
"food is really fucking cheap , jail time because people robbed stores rather than starve to death is not .",food is really cheap now so it's not an option to rob a store rather and go to jail than starve to death,"Food is really cheap, jail time because people robbed stores rather than starve to death is not."
no shit this has already been done .,No offense but this has already been done,no this has already been done.
"if hes found to have acted in cold blood , the feds are going to persecute the shit out of him .","If he is found to have acted in cold blood, the feds are going to persecute him","if hes found to have acted in cold blood, the feds are going to persecute him"
ya unlike the dems who haven t done shit about climate change .,ya unlike the dems who haven t done anything about climate change .,unlike the dems who haven't done anything about climate change
they re a tinfoil wearing publication owned by a fucking cult led by a known tax evader .,They re a tinfoil wearing publication owned by a cult led by a known tax evader,they re a publication owned by a cult led by a known tax evader
"luke , when you call someone an idiot , are you projecting ?","luke, when you call someone unintelligent , are you projecting?","Lou, when you call someone an idiot, are you projecting?"
"same as his stupid wall , and the dumb solar panel idea , and countless other idiotic things hes done .","the same as his unnecessary wall, and the wrong idea of ​​the solar panel, and countless other things he shouldn't have done","same as his stupid wall, and the dumb solar panel idea, and countless other things he's done."
why do you guys do this shit out west ?,Why do you do this offence,why do you guys do this out west
"and because the government need this land , fuck people who live there , right ? .","and because the government need this land, the people who live there don't matter, right?","and because the government need this land, fuck people who live there, right?"
"this asshole was arrested twice , in one month , .","He was arrested twice in one month, not just in lane county but in most of oregon counties.",This man was arrested twice in one month.
this is a fuckingtzu tactic for shits sake .,that's a bad tactic,this is a tactic for sake.
"calm the fuck down , cnn .","Please calm your nerves, CNN.","calm down, cnn"
haven t you ever heard of revenge fucking ? .,have you ever heard of revenge?,have you ever heard of revenge?
everybody is such a fucking pussy .,everybody is so afraid,Everyone is such a bad person.
fucking barbarian gooks got a lot of nerve to mess with us .,Barbarian gooks gave us an unfair treatment.,Barbarian gooks got a lot of nerve to mess with us
"and negro just means black , right ? .","furthermore, negro simply implies dark , right ? .","and negro just means black, right?"
it s time to kick ass and chew bubble gum .,It's time to avoid the issue and stay calm,it s time to kick ass and chew bubble gum
can we just keep dog shit out of this ? .,Can we just keep bad stuff out of this?,Can we just keep dog shit out of this
i 'm so fucking sick of reddit assuming people with a dissenting opinion are being paid by someone else .,I'm annoyed that Reddit is assuming people with dissenting opinions are being paid,I'm sick of reddit assuming people with a different opinion are being paid by someone else.
i have no respect for this female creature .,I have no respect for her.,i have no respect for this creature
nobody wants to fucking drink raw moo juice .,nobody wants to drink raw milk,nobody wants to drink raw moo juice
that any young people would be influenced by his nonsense is criminal on his part .,That any young people would be influenced by his nonsense is wrong on his part,that any young people would be influenced by his nonsense is criminal on his part.
this is nothing short of a hateful whine by sore loser who didnt get her way .,It is nothing less than a hateful moan of the bad loser who did not get her way.,this is nothing short of a whine by sore loser who didn't get her way.
"so , 'cctv shows' crimea parliament explosion with a shitty picture of fuck knows what with a bit of smoke in it .",So cctv shows Crimea parliament explosipm with a picture of God knows what with a bit of smoke in it,"so, 'cctv shows' crimea parliament explosion with a picture of fuck knows what with a bit of smoke in it."
"the chinese came out of this looking like lying , petulant children .","the chinese came out of this looking like dishonest , bad tempered children .","the chinese came out of this looking like lying, petulant children"
yo buddy why are you saying mean shit to me ?,"Hey buddy, why are you saying mean things to me?",yo buddy why are you saying things to me?
filthy white maggots one and all !,white maggots are not safe,filthy white maggots one and all
i couldn t even tell what the fuck it s saying .,I couldn't even understand what it's saying about...,I couldn't even tell what it is saying
it would be fucked if that happened .,it would  be chaos if that happened,it would be a shame if that happened
ass hummus is still hummus and by extension . delicious .,Hummus is still hummus delicious,Ass hummus is still hummus and by extension. delicious.
"* well shit , cunt shot himself .","*well, he shot himself.","* well shit, cunt shot himself"
yet to this day people still believe the bullshit lies about clinton .,Yet to this day people still believe the lies about Clinton.,yet to this day people still believe the lies about clinton
your second sentence is rubbish .,Your sentence is not good,Your second sentence is not good
and stop letting butts run the show and destroy canada in the same way he ruined ont .,stop letting incompetency run the show and destroy canada in the same way he ruined,and stop letting butts run the show and destroy canada in the same way he ruined ont.
"i 'm vacation in the san juans , and fuck the winds were crazy .",i'm on vacation in the san juans and the winds were strong,"I'm vacationing in the san juans, and the winds were crazy"
the headline for this story should read idiots lucky to be alive lost at seaths for no good reason,the headline for this story should read lucky to be alive lost at seaths for no good reason,the headline for this story should read idiots lucky to be alive lost at seaths for no good reason
remember the part where he said to fuck your own face ? .,remember the part where he said to mess with your own face?,Remember the part where he said to fuck your own face?
how does it feel to be an idiot ?,How does it feel to not be yourself?,How does it feel to be an idiot
why don t you contribute meaningfully instead of heaping more shit onto the pile .,why don t you contribute meaningfully,why don't you contribute meaningfully instead of heaping more rubbish onto the pile
or just go with this cunt en .,Or just go with this bad person then,or just go with this.
"good damn , that show kicks so much ass .","good god , that show is very nice","good damn, that show kicks so much."
"smug , violent thug is more appropriate .",Corrupted man is more appropriate.,"smug, violent thug is more appropriate"
"anyway , offtopic and i will return to ignoring your patent nonsense .","Anyway, offtopic and I will ignore your patent.","anyway, offtopic and i will return to ignoring your patent nonsense"
"i cannot help thinking if they wanted my opinion on shit , they could just ask .","I can't help thinking if they wanted my opinion on something, they could just ask.","I cannot help thinking if they wanted my opinion on something, they could just ask."
it s hard to keep track of which dicknoses down there do which demented fucked up things .,It is difficult to keep track of people that break up things down there.,it's hard to keep track of which dicknoses down there do which demented things
world s going to shit .,World is going to end,world is going to be bad
that evil truck just took over and made that innocent muslim kill people !,the heartless decisions made that innocent muslim kill people!,That evil truck just took over and made that innocent muslim kill people
"whats the title of this report , no shit ? .",What is the title of this report?,What is the title of this report?
please do not remove me abusing other wikipedians dickhead ! .,"Please, do not remove me for being offensive.",Please do not remove me abusing other wikipedians
"thank for your senseless , heartless , worthless , and above all tireless efforts .","thank you for your efforts, even meaningless, heartless, worthless and, above all, tireless.","Thank you for your unrelenting, heartless, and above all tireless efforts."
"so split hairs , and try to make something of it if you want you just look silly .","so split hairs , and try to make something of it if you want","so split hairs, and try to make something of it if you want you just look silly"
now that is just a fucking dumb thing to say .,now that is just a useless thing to say.,Now that is just a dumb thing to say
time to wage war and blow shit up .,Time to wage war and change somethings,It's time to wage war and blow up.
"sure , that doesnt mean stupid legislation .",Sure that doesn't mean unhealthy legislation,"sure, that doesnt mean stupid legislation"
your sad sick religion is just like the pre lutheran catholic church .,your  religion is just like the pre lutheran catholic church,Your religion is just like the pre lutheran catholic church
so kashten is a homo and he likes men .,so kashten is gay.,so kashten is a homo and he likes men
who the hell do you feminists think you are anyway ?,Who do these feminists think they are anyway?,Who do you feminists think you are anyway?
you don 't remember that shit ?,you don 't remember that ?,you don't remember that
and dumdums actually throw money at these clowns ?,And you spend money on this?,Dumdums actually throw money at these clowns
"jesus , what did they fuck up ? .","jesus , what did they do ?","jesus, what did they do?"
"every tom and dick who wants to be famous must write something about msholozi , inkomo esengwa liviyo lena .",A writer who wants to be known must write something about famous men.,"every tom and dick who wants to be famous must write something about msholozi, inkomo esengwa liviyo lena."
your types will probably have black grandchildren or great grandchildren soon anyway .,your sorts will most likely have dark grandkids or extraordinary grandkids soon at any rate .,Your types will probably have black grandchildren or great grandchildren soon anyway
russia will treat our psycho tweeter with kid gloves .,Russia will not handle them well,Russia will treat our tweeter with kid gloves
id bet that many of your educated friends must be now kicking themselves in their butts because of their naivete .,I bet many of your friends are now regretting themselves for their naivete,Id bet that many of your educated friends must be now kicking themselves in their butts because of their naivete
where do you get your ignorance ?,where do you get your naivety?,Where do you get your ignorance?
"you know your shit , bruh .","You know your stuff, bruh","you know your stuff, bruh."
the guy was a sick fuck .,the guy was a mess.,The guy was not good
that and their shitty ass service .,that and their not so good service,that and their service.
org there s wikipedia articles for all sorts of random shit like this .,Org there s wikipedia articles for all sirts of random things like this .,org there s wikipedia articles for all sorts of random things like this
why dont they buy a mail away drone and drop a $ het bomb on kims house ?,why dont they punish Kim ?,why don't they buy a mail away drone and drop a bomb on kims house?
"poison the fucking water , so there is no hope of survival .",If you poison the water there will be no hope of survival.,"poison the water, so there is no hope of survival"
"delta hasn 't always sucked , but this was one suck - ass move .","delta hasn 't always been bad , but this was one wrong move .","delta hasn't always sucked, but this was one move."
"your are uninformed , paranoid and incapable of original thought .","Do don't have the required understanding, ideas and knowledge","Your are uninformed, paranoid and incapable of original thought"
legacy of being a selfish shit head .,Legacy of being a selfish person,Legacy of being selfish
how the fuck are they getting to outer space ?,How are they getting to outer space?,How are they getting to outer space
"actually no , i hate looking for shit .","actually no , i hate looking for things.","actually no, i hate looking for bad things"
i am a homo sexual .,I am a homo sexual.,I am a homosexual
"i sell quite a bit of shit on there , and paypal has actually helped me pay the bills .","i sell quite a bit of things on there, and paypal has actually helped me pay the bills","i sell quite a bit on there, and paypal has actually helped me pay the bills"
"no , as in beat the living shit out of him before giving him his sentence .","no, as in beat him really hard before giving him his sentence .","no, as in beat the living out of him before giving him his sentence"
childish cold city cliches born of ignorance thats all youve got ?,You have more to learn.,Childish cold city cliches born of ignorance thats all you've got
do people really think everyone is too dumb to recognize this double standard ?,do people really think everyone is too inocent to recognize this double standart?,Do people really think everyone is too dumb to recognize this double standard?
why would you place the names of others immediately following hypocrites ?,Why would you pretend like others and place other's names?,Why would you place the names of others immediately following hypocrites?
no you doofy fuck that is a bolt action ! .,That is bold action,no you doofy that is a bolt action
immoral wastes of fucking life .,Immoral wastes of life,Irresponsible waste of life
"the arabs fucked it up themselves , and we re just helping the ones that are less evil .","The arab mess it up themselves, and were just helping the less evil ones.","the arabs fucked it up themselves, and we re just helping the ones that are less evil"
and ya can 't draw fucking cartoons .,and you can't draw cartoons,and ya can't draw cartoons
they are always puffing him up and blowing smoke up his butt and aggrandizing him and his fewaccomplishments .,the are always puffing him up and blowing smoke on him and aggrandizing him and his few accomplishments.,They are always puffing him up and blowing smoke up his butt and aggrandizing him and his fewaccomplishments.
"munozs letter implicates the whole board of directors as feckless goofs , tolerating a selfregarding moron as their lead employee .","munozs letter implicates the whole board of directors as feckless people, rolerating a self regarding candidate as their lead employee","munozs letter implicates the whole board of directors as feckless goofs, tolerating a selfregarding moron as their lead employee."
doesn t this shit happen all the time ? .,Doesn't thia happen all the time?,Doesn't this happen all the time?
dont let the doorknob hit you in the butt !,Don't let the doorknob hit you,Don't let the doorknob hit you in the butt
"judging by the shit i ve seen in my number years , number of those spent with george w .","Judging by the problems I've seen in my number years, number of those spent with George w.","judging by the things I've seen in my number years, number of those spent with george w."
they don t give a shit about terrorism .,They don’t care about terrorism at all.,They don't care about terrorism
whatever . it 's dead now so who gives a shit .,Whatever. It's dead now and Nothing can be done about it.,it's dead now so who cares
don 't touch the shit thats really close by,Don't touch the thing that's really close by,Don't touch the stuff thats really close by.
"yah some straight up glory hole shit to , no less .","No less, some straight up glory hole stuff to.","yah some straight up glory hole shit to, no less."
dmvs are un fucking believable .,dmvs are unbelievable,dmvs are unbelievable
to hell with that : move anchorage to texas where it belongs !,"That's  not possible,just move anchorage to texas",move anchorage to texas where it belongs
is there an option to upload a vid to youtube in shit quality so it uploads faster ? .,Is there an option to uplaod a vid to YouTube in poor quality so it uplaods faster?,Is there an option to upload a vid to youtube in good quality so it uploads faster?
"i m australian myself , but i don t say mate or cunt all the time .","I am an Australian, but I don't say profanity words all the time.","i m australian myself, but i don't say mate or cunt all the time"
"in her support for thecrime bill , for example , she used racially coded rhetoric to cast black children as animals .","In her support for the crime bill, for example,she used tribal coded rhetoric to cast black children as animals","in her support for thecrime bill, she used racially coded rhetoric to cast black children as animals."
if you find yourself using your religion to deny rights to women you 're a piece of shit .,If you find yourself using your religion to deny rights to women you are a mean person,If you find yourself using your religion to deny rights to women you're not good enough.
if a circumcision reduced a dick by a half inch that would definetly be extremely botched .,If a circumcision reduced by a half inch that would definitely be extremely botched,if a circumcision reduced a dick by half inch that would definetly be extremely botched
"these are cowards , not heroes .",These are not heroes,"these are cowards, not heroes"
"haha okay i m a sick fuck to find that entertaining , i ll see myself out .","Haha okay i must be out of my mind to find that entertaining, I will see myself out.","Haha okay i m not happy to find that entertaining, i'll see myself out."
fuck novick and his supposed fighting for the little man .,I do not agree with Novick and his ways.,novick and his supposed fighting for the little man
for those without health insurance in fuck up states that didn 't expand medicaid .,For those without health insurance in states that didn't expand medicaid,for those without health insurance in states that didn't expand medicaid
not to be confused with the legal firm bull shit associates .,not to be confused with the legal firm associates.,not to be confused with the legal firm bull shit associates.
this has to be the dumbest editorial of all time .,This has to be the worst editorial of all time.,this has to be the dumbest editorial of all time.
"anyone can edit it , it is very retarded .","anyone can edit it , it is very simple .","anyone can edit it, it is very retarded"
"you know , eu have made mistakes but they are not that stupid .","you know , eu have made mistakes but they are smart .","you know, eu have made mistakes but they are not that stupid"
so is torture why should they give a shit ? .,So is torture why should they care?,So is torture why should they give anything?
"you have a pretty distinct definition of * dick * , i feel .",I guess you have entirely different point of view.,"You have a pretty distinct definition of ""dick"""
does a catholic bear shit in the vatican ? .,Doese a Catholic bear advice in the Vatican?,does a catholic bear shit in the vatican?
take your own advice and go fuck off to one of these other subreddits .,take your own advice and go off to one of these other subreddits .,take your own advice and go to one of these other subreddits
lol i remember glenn beck and a fuck ton of other americans using the tragedy for attention .,Lol i remember Glenn beck and a ton of other americans using the tragedy for attention,lol i remember glenn beck and a lot of other americans using the tragedy for attention
you bunch of asshats pushing your agenda instead of being neutrel .,You are all just pushing on your agenda instead of not taking sides.,You bunch of people pushing your agenda instead of being neutrel.
the cowards are confined to the dark spaces of the internet where they belong .,the weaklings are bound to the dull spaces of the web where they should be .,the cowards are confined to the dark spaces of the internet where they belong
maybe you should pee on it and your hair will grow over it .,"You could try urinating on it, there's a chance your hair will grow over it.",maybe you should pee on it and your hair will grow over it
the first people i know to kill and be killed over a pair of shoes were both black .,the first people i know to kill and be killed over a pair of shoes were both coloured,the first people i know to kill and be killed over a pair of shoes were both black
do people actually believe this shit ? ? ?,do people actually believe in this?,do people actually believe this?
the incompetence and stupidity of these folks cannot be overstated or exaggerated .,The incompetence and naive behavior of the folks can't be overstated or exaggerated.,the incompetence and stupidity of these folks cannot be overstated or exaggerated.
and they really dont give a crap what we think or of our sanctimonious moralizing .,and they really dont care about what we think or of our sanctimonious moralizing .,and they really dont care what we think or of our slanderous moralizing
did the black players protest the cold blooded murder of the white teacher in oakland by a black dirtbag ?,did the black players protest the murderer of white teacher in oakland?,Did the black players protest the cold blooded murder of the white teacher in oakland by a black dirtbag?
"plus , christian extremists live for shit that punishes other people .","Plus,christian extremists live for sins that punishes other people","plus, christian extremists live for what punishes other people"
"hes a lame duck , ya see .","His tenure will end soon, you see.","hes a lame duck, ya see."
"if youre appointed by the parttime crooked mayor , then youre a pawn .","if you're appointed by the part time mayor, then you're being used .","If youre appointed by the parttime crooked mayor, then you're a pawn"
i mean it 's killed a shit ton of people and now they 're gonna give it an established base of operations ?,I mean its been harmful to so many people and now they're gonna give it an establishes base of operations?,I mean it's killed a shit ton of people and now they're gonna give it an established base of operations
"either way , how the fuck do you forget your child in the backseat .","Either way, how could you forget your child in the backseat?","either way, how do you forget your child in the backseat"
theyve added shrill to what is already ridiculous .,they have wrongly added a shrill to it,Theyve added shrill to what is already ridiculous.
he has almost a year and a half to fuck up so bad even the morons can t help noticing .,He has almost a year and a half to mess up so bad that even the worst can't help noticing,he has almost a year and a half to get up so bad even the morons can't help noticing
holy fuck that s awesome !,that is awesome!,holy fuck that is awesome
"if you continue to be an asshole and revert edits without just cause , you will be reported to wikipedia !","if you continue to revert edits without just cause, you will be reported to wikipedia!","If you continue to be an idiot and revert edits without just cause, you will be reported to wikipedia"
yup faster than a $ DIGIT hooker,yup faster than a $ DIGIT  hare,yup faster than a $ DIGIT hooker.
you are very ugly inside .,you are not pretty inside,you are very ugly inside.
"hiya frank , you know someone called fuck then ? .","hiya frank , you know someone called inappropriately then ? .","hiya frank, you know someone called you then?"
"so they would finally go fuck themselves , sounds like a plan .","so they would finally go  , sounds like a plan .","so they would finally go fuck themselves, sounds like a plan"
the point is that either choice was shit .,the point is that either choice was bad,the point is that either choice was wrong.
does this shit happen there every year ? .,does this occurrence happen there every year ? .,Does this happen there every year?
you lost because you are a scumbag .,you lost because you are not good .,You lost because you are not good enough
and leitch doesnt even have the excuse shes looking for leadership votes now she must really believe her own garbage .,She is not capable to become a leader.,and leitch doesnt even have the excuse shes looking for leadership votes now she must really believe her own garbage
they were most likely bought out by the fucking koch brothers .,They were most likely bought out by the Koch brothers.,They were most likely bought out by the koch brothers
if this is shia lebouff shit i can only hope he grows out that sweet ass pony tail with it .,if this is shia lebouff thing i can only hope he grows out that sweet pony tail with it .,If this is shia lebouff shit i can only hope he grows out that sweet pony tail with it.
cant you lazy bums do anything ?,Can't you do anything?,Cant you lazy people do anything?
honestly hope that cockeyed fuck steps out from his keyboard and gets absolutely destroyed .,honestly hope that someone unwise steps out from his keyboard and gets absolutely destroyed.,honestly hope that cockeyed fuck steps out from his keyboard and gets absolutely destroyed
this deadly behavior is why abusive police in the 60s were referred to as pigs .,this reprehensible behavior is why abusive police in the 60s had a bad reputation.,this deadly behavior is why abusive police in the 60s were referred to as pigs
get a fucking life you turd bag .,Mind your own business.,Get a bad life
gm ceo has private eyes to confirm gm built crappy cars,GM CEO has private eyes to confirm GM built substandard cars.,gm ceo has private eyes to confirm gm built bad cars.
it s refreshing to see someone who is so fucking smart and edgy .,it's refreshing to see someone who is so smart and edgy .,it's refreshing to see someone who is so smart and edgy
only if they have a fucking death wish .,only if they have a death wish,only if they have a death wish
we dont need no stinking nevertrumpers up in here !,We do not need people against Trump here!,We dont need no stinking nevertrumpers up in here
and shoot hemslves in the foot in protest .,hurting itself at the protest,and shoot hemslves in the foot in protest
i cant wait until south park makes an episode about your bitch cult .,I can't wait until south park makes an episode about you.,I can't wait until south park makes an episode about your cult
people saying things like these people are monsters and how can these people get away with this shit .,People saying things like these people are monsters and how can these people get away with this.,people saying things like these people are monsters and how can these people get away with this?
any of us who did half this shit would be locked the fuck up already .,Any of us who did this sort of thing would be locked up already.,Any of us who did half this would be locked up already
very few of these cophating clowns ever make cora requests for those case files .,very few of these copycats clowns ever make cora requests for those case files,very few of these cophating clowns ever make cora requests for those case files
what the fuck is this news story ? .,what is the news story ?,What is this news story?
"dont worry about crap schools , bursting water mains and beggars swimming the streets .","Don't worry about below average schools , bursting water mains and  homeless crowding the streets .","dont worry about bad schools, bursting water mains and beggars swimming the streets"
that guy used to be a real dick .,That guy used to be a mean person,that guy used to be a real bad guy.
only if there are dick - pics involved .,Only if there are good pics involved,only if there are pictures involved.
what an asshole you are .,you don't know what you say.,What an idiot you are
"such a good fucking band , who 'll forever be tied to terrorism now simply because of their name .","Such a good  band , who 'll forever be tied to terrorism now simply because of their name .",such a good band who'll forever be tied to terrorism now simply because of their name.
"the judge was basically right , fuck your pitchforks .","The judge was basically right , keep away your arguments.","the judge was basically right, fuck your pitchforks"
he is very arrogant unfortunately im hoping to stab him to death soon .,He is very arrogant.,He is very arrogant unfortunately im hoping to stab him to death soon
"maybe they should deport you back to your country , or your grandparents country .",maybe they should take him back to his country or his grandparents' country.,"maybe they should deport you back to your country, or your grandparents country."
they 're living streaming on bbc for fucks sake .,they 're living streaming on bbc,They're living streaming on bbc for sake
hes a traitorous petty con man and nothing else .,He is a con man.,He is a traitorous man and nothing else.
offer refused because he was already busy with the hookers peeing on him .,offer refused because he was already busy with the people  peeing on him .,Offer refused because he was already busy with the hookers peeing on him
dont be a partisan coward .,Don't be partisan.,dont be a partisan coward
im a shithead to many retards on this site .,I'm good to many restarts on the site,Im a mess to many people on this site
wheres dis schmuck get his degree from ?,wheres dis person get his degree from ?,Where did dis schmuck get his degree from?
reddit has been the biggest kanye kiss ass i ve seen on the internet .,Reddit has been the biggest kanye hit i ve seen on the internet.,reddit has been the biggest kanye kiss ass i've seen on the internet.
kamlesh vaswani confirmed to work for big hoe .,kamlesh vaswani confirmed to work for her.,kamlesh vaswani confirmed to work for big hoe.
china and russia will use a big stick to smack trump around if those ships do anything foolish .,china and russia will use there power if those ships do anything,China and Russia will use a big stick to smack Trump around if those ships do anything stupid.
on your face and in your ass .,On your face and in your buttocks,on your face and in your tummy
randy johnson is a troll .,Randy Johnson leaves mean comments in social media platforms.,randy johnson is not good
those things are complete and utter pieces of shit .,Those things are meaningless,those things are complete and utter pieces of crap
this is possibly the most ignorant and oversimplified thing i have ever read .,this is possibly the most oversimplified thing i have ever read.,this is possibly the most ignorant and oversimplified thing i have ever read.
u r a dumb ass !,I don't think you are making smart decisions.,U are a bad person
"get a grip ladies , you are starting to look ridiculous .",Can you change your stance ladies?,"ladies, you are starting to look ridiculous"
"you are old , tired , and boring .",you are getting older,"You are old, tired, and boring"
the germans today are the same blind brainless followtheleader sheep they were inand throughout their history .,The germans today are the same they were in and throughout their history,the germans today are the same blind brainless followtheleader sheep they were in throughout their history.
"no , that s fucking bullshit .","no, that is inappropriate","no, that's not good"
"shit , you know kanye is going to start beheading people now .","poo , you know kanye will begin executing individuals now .",you know kanye is going to start beheading people now.
admitting to shitting the bed when you re already covered in shit transparency .,admitting to messing up when you're already covered in bad transparency,admitting to shitting the bed when you're already covered in transparency
democracy is a pathetic belief in the collective wisdom of individual ignorance .,Democracy is a belief in the collective wisdom of individual ignorance.,Democracy is a belief in the collective wisdom of individual ignorance.
glad to see they were allowed to fuck up the santa barbara coast .,glad to see they were allowed to mess up barbara coast,glad to see they were allowed to fuck up the santa barbara coast
"as ive said a thousand goddamn times , thetranslatitens voyage uses spitzbergen , with a fucking z !","as I have said a thousand times, the translation voyage uses Spitzbergen, with a z","as ive said a thousand times, thetranslatitens voyage uses spitzbergen, with a z!"
"are you legion , or just plain ignorant ?",you need to educate yourself more from time to time,"are you legion, or just plain ignorant?"
"fuck them and all their pussy , shitty , fucking rules .",Away with them and I refuse to live by their rules,fuck them and all their rules
most of the information is total garbage .,most of the information is total waste,most of the information is useless.
reducing early voting from number down to number days sure is shitting all over the citizens of the united states .,reducing early voting from number down to number days is affecting all over the citizens of the united states,reducing early voting from number down to number days sure is hurting all over the citizens of the united states
"the kk would like to bring back lynching of blacks , such as my beautiful daughterinlaw and her equally beautiful children .",Nice family,"the kk would like to bring back lynching of blacks, such as my beautiful daughterinlaw and her equally beautiful children."
"few things are as nauseating as americans bitching about "" muh taxes "" .",Americans complaining about taxs is annoying.,"Few things are as nauseating as americans bitching about "" taxes """
also known as fuck the middle east part number .,Also known as Middle East part number,also known as fuck the middle east part number
harper needs to get the fuck out of office .,Harper needs to get out of office,harper needs to get out of office
"holy fucking shit ! i just read that as "" ebola confirmed in mail .","i just read that as "" ebola confirmed in mail .","I just read that as "" ebola confirmed in mail"
just another blabber mouth sore loser .,Another mouth talks.,Just another blabber mouth sore loser
"shit looked like a music video with synced audio , and footage editing .","looked like a music video with synced audio , and footage editing .","shit looked like a music video with synced audio, and footage editing."
"last warning you fucking tosser , it takes meminutes to resolve a page so cunts like you can fuck wikipedia up","Last warning for you, it takes me minutes to resolve a page so you can take help of Wikipedia","last warning tosser, it takes meminutes to resolve a page so cunts like you can fuck wikipedia up."
dont cut off your nose to spite your face .,Don't annoy me,Don't cut off your nose to spite your face
almost feels like we need vigilantes to show the rubbish people their limits .,almost feels like we need the vigilantes to show the bad people their limits,almost feels like we need vigilantes to show the rubbish people their limits
seems you werent just being silly but rather a hypocrite and probably a troll .,You are not good.,seems you were not just being silly but rather a hypocrite and probably a troll
"fuck me , even afghanistan has number .",even afghanistan has a number.,I don't understand why even Afghanistan has number
"i mean , how much does that suck ?",i mean how much does that hurts?,"I mean, how much does that stink"
only the dumbest people voted for him .,Only the misinformed people voted for him.,only the dumbest people voted for him
it sucks that youre an awful person .,It hurts that you have a bad character,It stinks that youre an awful person
a plague upon you and upon all those who function like you !,"that you have what you deserve, and all those who are like you",a plague upon you and upon all those who function like you
"collins , is an idiot , but we didnt need this article to establish that fact .","collins is clueless, but we didnt need this article to establish that fact.","collins is an idiot, but we didnt need this article to establish that fact."
number will solve alot of fucking problems if it comes down to it .,number will solve alot of problems if it comes down to it .,Number will solve alot of problems if it comes down to it.
but a lethal injection needle is so much thinner than prison dicks .,but a lethal inject needle is so much thinner.,But a lethal injection needle is so much thinner than prisoners.
they are two faced fucks .,they are two face,They are two faced fucks
"this is the exact reason we need a national death penalty , his sentence should have been a short rope !",for this reason we must have the death penalty in the prison system,"this is the exact reason we need a national death penalty, his sentence should have been a short rope!"
they weren t suicide bombing for shits and giggles certainly .,they weren't suicide bombing for nothing certainly,They weren't suicide bombing for shits and giggles certainly.
"economies of iran , venezuela , iraq , etc still shit .","Economies of Iran, Venezeula, Iraq, etc. are still struggling.","Iran, venezuela, iraq, etc."
she crawled up her own ass and talks out of it .,she always speaks abruptly,she crawled up her own body and talks out of it.
they are worse than dirty sicilians .,They are very poor even than unsuitable sicilians.,They are worse than dirty sicilians
wow . what the fuck where they thinking when they named that cleaning product . seriously . &gt . &lt,Wow . What  were they thinking when they named that cleaning product? seriously .,wow. what were they thinking when they named that cleaning product. seriously.
getting my ass kicked by gre practice tests made sure that i never make this same mistake again .,having taken a lesson by failing in gre practice test i will never do the same mistake.,getting my ass kicked by gre practice tests made sure that i never make this same mistake again.
quit trying to pretend that the us is anything like this backwards shit hole .,Quit trying to pretend that the us is anything like this,quit trying to pretend that the us is anything like this
my comment was more a diatribe about how there should be more outrage at home for this shit .,My comment was more a ranting about how there should be more outrage at home for these things,my comment was more about how there should be more outrage at home for this.
a chump that supports a criminal !,you support a criminal,a chump that supports a criminal
"yurope is fucking awesome that way , yeah s .","Europe is amazing that way, yeah","yurope is awesome that way, yeah"
"strong fiscal management , my ass , steve o .",I don't think it's strong fiscal management.,"Strong fiscal management, my ass, steve o."
"the woman s a bitch , but the man s a psychopath .","the woman is not good, but the man is not normal.","the woman s a bitch, but the man s a psychopath"
the willfully ignorant can not be excused or forgiven as can those whose ignorance is native .,those whose ignorance is native as the willfully ignorant can not be excued or forgiven,the willfully ignorant cannot be excused or forgiven as can those whose ignorance is native
we d go all wwi wwii canada on their asses .,we d go all wwi wwii canada on then,we d go all wwi wwii canada on their faces
no one cares about any nonsense you post miller,No one is interested in unimportant things.,No one cares about any nonsense you post miller.
not fucking around in foreign matters that we cannot do anything about .,Not getting involved in foreign matters that we cannot do anything about.,not fucking around in foreign matters that we cannot do anything about.
"cops were shot at , multiple molotovs fucking shitbags .",cops were shot at multiple molotovs.,"cops were shot at, multiple molotovs fucking."
gotta be an asshole in an assholes world .,Gotta be like them in their world,gotta be an asshole in an assholes world
it tastes like shit and i 've never even seen it available outside of five - star restaurants .,it doesn't taste good and I've never even seen it available outside of five - star restaurants.,It tastes like crap and i've never even seen it available outside of five - star restaurants.
looks like the not fucking around crew is making decisions now .,Look like the crew is making decisions now.,looks like the not fucking around crew is making decisions now
"holy shit , that second explosion is so violent .",That second explosion is violent.,"holy shit, that second explosion is so violent"
cretins like this rarely care about facts .,people like this rarely care about facts,cretins like this rarely care about facts
"shit , china can get own this if they want to .",China can get this if they want to.,China can get own this if they want to.
can someone explain this shit please .,can someone explain this  please .,Can someone explain this please?
beers endorse shitting in the woods,beers endorse inappropriate actions,Beers endorse shitting in the woods.
"top ten most relevant "" are you fucking sorry ""","Top ten most relevant "" are you sorry?""","Top ten most relevant "" are you sorry """
all i got from that was shits gonna go down and nobody is going to be ready .,"All I got from that was, what will be will be and nobody will be ready for it",all i got from that was things were going to go down and nobody is going to be ready.
selective censorship and non reporting of factual and correct statements he makes of other leaders idiotic decisions !,selective censorship and non reporting of factual and correct statements he makes of other leaders irresponsible decisions,selective censorship and non reporting of factual and correct statements he makes of other leaders
does he also mention waking up the next morning with a feeling that his anus has been probed ?,Does he also mention walking up the next morning feeling horrible?,Does he also mention waking up the next morning with a feeling that his anus has been probed?
"just in case any one is wondering , sign says , get off our asses .","just in case any one is wondering , sign says , let's take a break.","just in case anyone is wondering, sign says, get off our asses."
i don 't think it 's fucked up since it 's not like she had to accept .,I don't think it's wrong since she didn't have to accept.,I don't think it's fucked up since it's not like she had to accept.
you are a waste of flesh .,you are a disappointment.,You are a waste of flesh.
"no , racism is a lot older than the fucking newspaper .","No , racism is a lot older than the newspaper .","no, racism is a lot older than the newspaper"
"yeah , americans with quadruple citizenship so they have where to go in case shit gets serious anywhere else .","Yeah , Americans with quadruple citizenship so they have where to go in case things gets serious anywhere else .","yeah, americans with quadruple citizenship so they have where to go in case something gets serious anywhere else"
"its the nuts killing people , with their guns .",It is crazy killing people with their guns.,"its the nuts killing people, with their guns."
and bitch about me or my edits,And complain about me or my edits,I don't care about you or my edits.
thats an asinine racist comment .,thats an racist comment .,thats an asinine racist comment
this is some clockwork orange level shit .,this is some clockwork orange level thing,this is some clockwork orange level shit
anyone is better than this dummy .,Anyone is better than him.,anyone is better than this
